[{"model": "app_products.product", "pk": 1, "fields": {"title": "Лампа 1", "price": "11.00", "count": 17, "fullDescription": "Умная лампочка Xiaomi Mi LED Smart Bulb Essential E27 MJDPL01YL представляет собой умную лампу, мощность которой составляет 9 Вт. Она может управляться при помощи смартфона на iOS или Android, на котором установлено специальное приложение Mi Home. Для синхронизации лампы используется беспроводной интерфейс Wi-Fi.", "category": 2, "date": "2023-05-02T17:09:38.623Z", "limited_edition": false, "freeDelivery": true, "rating": 8, "active": true}}, {"model": "app_products.product", "pk": 2, "fields": {"title": "Лампа 2", "price": "59.00", "count": 75, "fullDescription": "Умная лампочка Яндекс YNDX-00010/YNDX-00019/YNDX-00017 станет отличным решением как для работы отдельной лампой, так и в системе Умного дома от Яндекс. Она поддерживает возможность регулировки цветовой температуры в пределах от 1700 до 6500 К, а также может менять цвет свечения. Модель может управляться при помощи приложения на смартфоне или голосовым помощником Алиса, установленном в смартфоне или умной колонке от Яндекс.", "category": 2, "date": "2023-05-03T16:42:07.888Z", "limited_edition": true, "freeDelivery": true, "rating": 9, "active": true}}, {"model": "app_products.product", "pk": 3, "fields": {"title": "Датчик температуры и влажности", "price": "43.00", "count": 32, "fullDescription": "Удобный в использовании датчик температуры и влажности Aqara WSDCGQ11LM предназначен для поддержания в помещении максимально комфортной атмосферы для пользователя. Устройство отслеживает уровень влажности и температурные параметры в помещении. Данная модель оснащена беспроводным модулем, который соединяется с центром управления \"Умного дома\" через Aqara Hub по протоколу Zigbee. Необходимо лишь подключить прибор к розетке и выполнить настройку работы в специальном приложении.", "category": 3, "date": "2023-05-03T16:52:21.728Z", "limited_edition": false, "freeDelivery": true, "rating": 7, "active": true}}, {"model": "app_products.product", "pk": 4, "fields": {"title": "Чайник электрический Xiaomi", "price": "79.00", "count": 43, "fullDescription": "Электрочайник Xiaomi Mi Smart Kettle Pro быстро закипает благодаря мощности 1800 Вт. Это умный прибор, оборудованный OLED-дисплеем, отображающим температуру воды в реальном времени, что позволяет заваривать напитки с использованием воды нужной температуры.", "category": 12, "date": "2023-05-03T17:00:25.771Z", "limited_edition": false, "freeDelivery": true, "rating": 6, "active": true}}, {"model": "app_products.product", "pk": 5, "fields": {"title": "Видеокамера Rekam", "price": "150.00", "count": 86, "fullDescription": "Цифровая видеокамера Rekam DVC-360 станет надежной помощницей в любых путешествиях, выездах на природу, в семейной жизни, на рабочем месте. Обеспечивает видео в формате FullHD. Особенно удобна и понятна будет тем, кто только осваивает азы видеосъемки.", "category": 10, "date": "2023-05-03T17:04:31.153Z", "limited_edition": false, "freeDelivery": true, "rating": 5, "active": true}}, {"model": "app_products.product", "pk": 6, "fields": {"title": "Клавиатура SteelSeries Apex 5 RU", "price": "210.00", "count": 3, "fullDescription": "Функциональная клавиатура STEELSERIES Apex 5 RU станет лучшим вариантом для геймера. Ее подключение к компьютеру осуществляется через USB-порт, а длина кабеля равна 1.9 м. Такая модель оснащена дополнительными мультимедийными клавишами, которые можно настроить по своему усмотрению. Есть подсветка, которая одновременно делает устройство более привлекательным и повышает комфорт работы.", "category": 6, "date": "2023-05-03T17:06:16.053Z", "limited_edition": true, "freeDelivery": false, "rating": 8, "active": true}}, {"model": "app_products.product", "pk": 7, "fields": {"title": "Клавиатура A4TECH Bloody B810RC Punk", "price": "130.00", "count": 50, "fullDescription": "104-клавишная клавиатура A4Tech Bloody B820R станет великолепным выбором для любителей компьютерных игр. Модель оборудована оптическими переключателями, и обеспечивает крайне низкое время отклика: оно равно 0.2 мс. Особенностью устройства является настраиваемая RGB-подсветка. Производителем предусмотрены начальные настройки подсветки.", "category": 6, "date": "2023-05-03T17:10:09.513Z", "limited_edition": false, "freeDelivery": true, "rating": 6, "active": true}}, {"model": "app_products.product", "pk": 8, "fields": {"title": "Клавиатура проводная Dark Project", "price": "180.00", "count": 7, "fullDescription": "Клавиатура проводная Dark Project KD68B выполнена в прочном пластиковом корпусе элегантного белого цвета и дополнена светодиодной подсветкой символов RGB, обеспечивая увлекательное погружение в мир компьютерных захватывающих игр. Данная модель обладает компактными размерами и оснащена 68 клавишами с долговечными механическими переключателями. Подключение клавиатуры осуществляется проводным способом с помощью кабеля USB. Среди других особенностей Dark Project KD68B отмечаются выдвижные ножки.", "category": 6, "date": "2023-05-03T17:13:40.570Z", "limited_edition": true, "freeDelivery": true, "rating": 8, "active": true}}, {"model": "app_products.product", "pk": 9, "fields": {"title": "27\" Монитор Xiaomi Mi Desktop Monitor", "price": "340.00", "count": 6, "fullDescription": "Игровой монитор ARDOR GAMING PORTAL AF24H1 представлен в стильном черном корпусе с функциональной подставкой и динамиками по 2 Вт. Экран 23.8” радует яркой и четкой картинкой, которая не зависает в динамичных сценах. Это позволяет с удовольствием смотреть фильмы в FullHD-разрешении и точно управлять игровым персонажем. Монитор дополнен защитой от бликов, синего свечения и мерцания. \r\nARDOR GAMING PORTAL AF24H1 идет в комплекте с набором кабелей в органайзере, стикером с фирменным логотипом, отверткой и салфеткой. Вы можете заменять встроенные динамики наушниками или колонками с подключением через стандартный аудиоразъем. Монитор дополнен 4 видеовыходами для трансляции видео со звуком на другой экран без потери качества.", "category": 7, "date": "2023-05-03T17:15:43.921Z", "limited_edition": false, "freeDelivery": true, "rating": 9, "active": true}}, {"model": "app_products.product", "pk": 10, "fields": {"title": "23.8\" Монитор ARDOR GAMING PORTAL AF24H1", "price": "288.00", "count": 35, "fullDescription": "Игровой монитор ARDOR GAMING PORTAL AF24H1 представлен в стильном черном корпусе с функциональной подставкой и динамиками по 2 Вт. Экран 23.8” радует яркой и четкой картинкой, которая не зависает в динамичных сценах. Это позволяет с удовольствием смотреть фильмы в FullHD-разрешении и точно управлять игровым персонажем. Монитор дополнен защитой от бликов, синего свечения и мерцания. \r\nARDOR GAMING PORTAL AF24H1 идет в комплекте с набором кабелей в органайзере, стикером с фирменным логотипом, отверткой и салфеткой. Вы можете заменять встроенные динамики наушниками или колонками с подключением через стандартный аудиоразъем. Монитор дополнен 4 видеовыходами для трансляции видео со звуком на другой экран без потери качества.", "category": 7, "date": "2023-05-03T17:17:43.820Z", "limited_edition": true, "freeDelivery": true, "rating": 9, "active": true}}, {"model": "app_products.product", "pk": 11, "fields": {"title": "Мышь беспроводная LAMZU Atlantis", "price": "39.00", "count": 60, "fullDescription": "Мышь беспроводная LAMZU Atlantis белого цвета имеет симметричную конструкцию, поэтому одинаково удобна для когтевого хвата левой и правой рукой. Благодаря беспроводному соединению с устройством через ресивер USB вы сможете ощутить свободу в движениях. В радиусе 10 м можно свободно передвигаться и комфортно управлять мышью в зоне сигнала. Активность манипулятора до 70 часов обеспечивает встроенный аккумулятор емкостью 300 мА·ч. \r\nВ основе LAMZU Atlantis ‒ светодиодный сенсор с разрешением 26000 dpi. Максимальный показатель дает высокую скорость реакции, что помогает геймерам оказаться впереди соперников. Возможность смены dpi при помощи специальной кнопки позволяет настроить мышь в соответствии с работой, которую пользователь выполняет. Для легкого и уверенного скольжения манипулятора по любым поверхностям используются сменные ножки.", "category": 5, "date": "2023-05-03T17:20:35.392Z", "limited_edition": false, "freeDelivery": true, "rating": 7, "active": true}}, {"model": "app_products.product", "pk": 12, "fields": {"title": "Мышь беспроводная Apple Magic Mouse", "price": "300.00", "count": 43, "fullDescription": "Мышь беспроводная Apple Magic Mouse – фирменный манипулятор для ноутбуков и компьютеров одноименного бренда, способный справиться с любыми задачами. Устройство стало обладателем эргономичного корпуса, в конструкции которого полностью отсутствуют кнопки. Для переключения между вкладками браузера достаточно обыкновенного смахивания, а прокручивать страницы можно одним легким движением. Устройство безупречно работает с MacOS, однако также гарантируется стабильное функционирование мыши с другими операционными системами.", "category": 5, "date": "2023-05-03T17:21:41.272Z", "limited_edition": false, "freeDelivery": false, "rating": 8, "active": true}}, {"model": "app_products.product", "pk": 13, "fields": {"title": "Беззеркальная камера Canon EOS M50 Mark II", "price": "400.00", "count": 35, "fullDescription": "Беззеркальная камера Canon EOS M50 Mark II Kit 15-45mm IS STM выполнена в черном корпусе из поликарбоната и использует для работы Li-Ion-аккумулятор. Его емкости хватает на получение 305 снимков. Использовать камеру можно для создания контента для социальных сетей, съемки видео, онлайн-трансляций. Она будет незаменимой для творчества, поскольку позволяет создавать лучшие кадры и видео.", "category": 9, "date": "2023-05-03T17:23:30.977Z", "limited_edition": false, "freeDelivery": true, "rating": 8, "active": true}}, {"model": "app_products.product", "pk": 14, "fields": {"title": "Беззеркальная камера Sony Alpha (ILCE-6400LB)", "price": "370.00", "count": 5, "fullDescription": "Беззеркальная камера Sony Alpha (ILCE-6400LB) Kit 16-50mm создана для профессиональной съемки. Она поставляется в наборе со сменным объективом с фокусным расстоянием 16-50 мм, который подходит для запечатления снимков различных жанров (портреты, пейзажи и прочие). Матрица CMOS 24.2 Мп в сочетании с системой оптической стабилизации, встроенной вспышкой и рядом настраиваемых параметров помогает добиться реалистичности снимков в любых условиях.", "category": 9, "date": "2023-05-03T17:24:49.670Z", "limited_edition": false, "freeDelivery": true, "rating": 6, "active": true}}, {"model": "app_products.productimage", "pk": 1, "fields": {"image": "products/images/1/лампа.png", "product": 1}}, {"model": "app_products.productimage", "pk": 2, "fields": {"image": "products/images/2/лампа2.jpg", "product": 2}}, {"model": "app_products.productimage", "pk": 3, "fields": {"image": "products/images/3/672770_0.jpg", "product": 3}}, {"model": "app_products.productimage", "pk": 4, "fields": {"image": "products/images/4/1887050_v01_b.webp", "product": 4}}, {"model": "app_products.productimage", "pk": 5, "fields": {"image": "products/images/5/norm.jpg", "product": 5}}, {"model": "app_products.productimage", "pk": 6, "fields": {"image": "products/images/6/1366070_v01_b.webp", "product": 6}}, {"model": "app_products.productimage", "pk": 7, "fields": {"image": "products/images/7/1530437_v01_b.webp", "product": 7}}, {"model": "app_products.productimage", "pk": 8, "fields": {"image": "products/images/8/26806cb145998d9362c3891fd50dc9d13bea32ccd9df995b5b5c1aa8ba91a001.jpg.webp", "product": 8}}, {"model": "app_products.productimage", "pk": 9, "fields": {"image": "products/images/9/97062c8d59960a93b28ccb0038a1f52f60fa0f3bbd3a3d2a2d8c2c7a1cf90550.jpg.webp", "product": 9}}, {"model": "app_products.productimage", "pk": 10, "fields": {"image": "products/images/10/6a2e751883ef4c29df33c6851747d04f6dc0b858cab46a9afef3ff47747e8616.png.webp", "product": 10}}, {"model": "app_products.productimage", "pk": 11, "fields": {"image": "products/images/11/dda903b748300503eba70916887766891ccca47344ebd7919b03927419fc4f98.jpg.webp", "product": 11}}, {"model": "app_products.productimage", "pk": 12, "fields": {"image": "products/images/12/9443b996b32c0e3c9c45793eeab057598af04c1182a27833748e73159d577f15.jpg.webp", "product": 12}}, {"model": "app_products.productimage", "pk": 13, "fields": {"image": "products/images/13/765d39b51d63c4da269276361e77e9746faf6cd8d1d9ebbc493c92bc271c6758.jpg.webp", "product": 13}}, {"model": "app_products.productimage", "pk": 14, "fields": {"image": "products/images/14/b3e9eead597cb15f27d7bf0fdbc502b589d7778fd55e21122050f264776be6d3.jpg.webp", "product": 14}}, {"model": "app_products.specification", "pk": 1, "fields": {"name": "Цвет", "category": [2]}}, {"model": "app_products.specification", "pk": 2, "fields": {"name": "Температура макс.", "category": [2]}}, {"model": "app_products.specification", "pk": 3, "fields": {"name": "Работает с:", "category": [1]}}, {"model": "app_products.specification", "pk": 4, "fields": {"name": "Объем", "category": [12]}}, {"model": "app_products.specification", "pk": 5, "fields": {"name": "Встроенная вспышка", "category": [8]}}, {"model": "app_products.specification", "pk": 6, "fields": {"name": "Тип соединения", "category": [6]}}, {"model": "app_products.specification", "pk": 7, "fields": {"name": "Тип", "category": [4]}}, {"model": "app_products.productspecification", "pk": 1, "fields": {"product": 1, "name": 1, "value": "Белая"}}, {"model": "app_products.productspecification", "pk": 2, "fields": {"product": 2, "name": 1, "value": "Белый"}}, {"model": "app_products.productspecification", "pk": 3, "fields": {"product": 2, "name": 2, "value": "6500 К"}}, {"model": "app_products.productspecification", "pk": 4, "fields": {"product": 1, "name": 2, "value": "6500К"}}, {"model": "app_products.productspecification", "pk": 5, "fields": {"product": 3, "name": 1, "value": "Белый"}}, {"model": "app_products.productspecification", "pk": 6, "fields": {"product": 3, "name": 3, "value": "\"Алисой\", \"Марусей\", Apple HomeKit"}}, {"model": "app_products.productspecification", "pk": 7, "fields": {"product": 4, "name": 4, "value": "1,7л"}}, {"model": "app_products.productspecification", "pk": 8, "fields": {"product": 4, "name": 1, "value": "Белый"}}, {"model": "app_products.productspecification", "pk": 9, "fields": {"product": 5, "name": 1, "value": "Черный"}}, {"model": "app_products.productspecification", "pk": 10, "fields": {"product": 5, "name": 5, "value": "Есть"}}, {"model": "app_products.productspecification", "pk": 11, "fields": {"product": 6, "name": 1, "value": "Черный"}}, {"model": "app_products.productspecification", "pk": 12, "fields": {"product": 6, "name": 6, "value": "Проводная"}}, {"model": "app_products.productspecification", "pk": 13, "fields": {"product": 7, "name": 1, "value": "Желтый"}}, {"model": "app_products.productspecification", "pk": 14, "fields": {"product": 7, "name": 6, "value": "Проводная"}}, {"model": "app_products.productspecification", "pk": 15, "fields": {"product": 8, "name": 1, "value": "Белый"}}, {"model": "app_products.productspecification", "pk": 16, "fields": {"product": 8, "name": 6, "value": "Проводная"}}, {"model": "app_products.productspecification", "pk": 17, "fields": {"product": 9, "name": 1, "value": "Черный"}}, {"model": "app_products.productspecification", "pk": 18, "fields": {"product": 9, "name": 7, "value": "Игровой"}}, {"model": "app_products.productspecification", "pk": 19, "fields": {"product": 10, "name": 1, "value": "Черный"}}, {"model": "app_products.productspecification", "pk": 20, "fields": {"product": 10, "name": 7, "value": "Игровой"}}, {"model": "app_products.productspecification", "pk": 21, "fields": {"product": 11, "name": 1, "value": "Белый, голубой"}}, {"model": "app_products.productspecification", "pk": 22, "fields": {"product": 11, "name": 6, "value": "Беспроводная"}}, {"model": "app_products.productspecification", "pk": 23, "fields": {"product": 12, "name": 1, "value": "Белый"}}, {"model": "app_products.productspecification", "pk": 24, "fields": {"product": 12, "name": 6, "value": "Беспроводная"}}, {"model": "app_products.productspecification", "pk": 25, "fields": {"product": 13, "name": 1, "value": "Черный"}}, {"model": "app_products.productspecification", "pk": 26, "fields": {"product": 13, "name": 5, "value": "Да"}}, {"model": "app_products.productspecification", "pk": 27, "fields": {"product": 14, "name": 1, "value": "Черный"}}, {"model": "app_products.productspecification", "pk": 28, "fields": {"product": 14, "name": 5, "value": "Да"}}, {"model": "app_products.sale", "pk": 1, "fields": {"product": 13, "salePrice": "370.00", "dateFrom": "2023-05-03", "dateTo": "2023-05-31"}}]